scats_number,location,latitude,longitude,n_days,mean_daily_volume
970,HIGH STREET_RD E of WARRIGAL_RD,-37.86735,145.09195,31,9554.94
970,HIGH STREET_RD W of WARRIGAL_RD,-37.86723,145.09103,30,11073.27
970,WARRIGAL_RD N of HIGH STREET_RD,-37.86703,145.09159,31,18129.68
970,WARRIGAL_RD S of HIGH STREET_RD,-37.8676,145.09146,31,17693.52
2000,BURWOOD_HWY E of WARRIGAL_RD,-37.85193,145.09463,29,15181.76
2000,TOORAK_RD W of WARRIGAL_RD,-37.85187,145.09407,29,13895.97
2000,WARRIGAL_RD N of TOORAK_RD,-37.8516827,145.0943457,28,13057.79
2000,WARRIGAL_RD S of BURWOOD_HWY,-37.85221,145.09425,28,18158.68
2200,MAROONDAH_HWY E of UNION_RD,-37.81655,145.09831,31,8537.03
2200,MAROONDAH_HWY W of UNION_RD,-37.8164799,145.0977388,31,8942.32
2200,UNION_RD N of MAROONDAH_HWY,-37.81631,145.09812,31,7013.77
2200,UNION_RD S of MAROONDAH_HWY,-37.81682,145.09802,31,7234.39
2820,EARL_ST SE of PRINCESS_ST,-37.79477,145.03077,31,7421.06
2820,PRINCESS_ST S of CHANDLER_HWY,-37.7948,145.03015,30,14449.9
2825,BURKE_RD S of EASTERN_FWY,-37.78661,145.06202,31,13901.87
2827,BULLEEN_RD N of THOMPSONS_RD,-37.78093,145.07733,31,16488.84
2827,BULLEEN_RD S of EASTERN_FWY_W_BD_RAMPS,-37.78267,145.07729,31,7977.48
2827,OFFRAMP_EASTERN_FWY E of BULLEEN_RD,-37.7820873,145.0778256,31,12176.71
2827,OFFRAMP_EASTERN_FWY W of BULLEEN_RD,-37.78127,145.07688,31,9797.58
2846,HIGH_ST E OF S.E.ARTERIAL,-37.86152,145.05851,31,11556.55
2846,HIGH_ST W OF WILLS_ST,-37.86155,145.05751,31,9778.84
2846,S.E.ARTERIAL N OF HIGH_ST,-37.8612671,145.058038,31,5308.68
2846,WILLS_ST NW OF HIGH_ST,-37.86088,145.05744,31,721.61
3001,BARKERS_RD E of HIGH_ST,-37.81469,145.02261,31,12198.03
3001,BARKERS_RD W of CHURCH_ST,-37.81457,145.02161,31,18410.97
3001,CHURCH_ST SW of BARKERS_RD,-37.81495,145.0219,2,6808.0
3001,HIGH_ST NE of BARKERS_RD,-37.81441,145.02243,31,10638.9
3002,BARKERS_RD E of DENMARK_ST,-37.81521,145.02706,26,11727.92
3002,BARKERS_RD W of DENMARK_ST,-37.8151,145.02608,26,10406.35
3002,DENMARK_ST N of BARKERS_RD,-37.81489,145.02663,26,12173.15
3002,POWER_ST S of BARKERS_RD,-37.81545,145.02652,26,12136.88
3120,BURKE_RD N of CANTERBURY_RD,-37.82264,145.05734,31,13473.0
3120,BURKE_RD S of CANTERBURY_RD,-37.82315,145.05724,31,11136.16
3120,CANTERBURY_RD E of BURKE_RD,-37.82295,145.05773,31,10119.68
3120,RATHMINES_RD W of BURKE_RD,-37.82284,145.05684,31,11585.84
3122,CANTERBURY_RD E of STANHOPE_GV,-37.82379,145.06466,31,14115.74
3122,CANTERBURY_RD W of STANHOPE_GV,-37.82374,145.06417,31,11065.68
3122,STANHOPE_GV S of CANTERBURY_RD,-37.82404,145.06435,31,9597.74
3126,CANTERBURY_RD E of WARRIGAL_RD,-37.82778,145.09885,31,13899.9
3126,CANTERBURY_RD W of WARRIGAL_RD,-37.82772,145.0983,31,17431.58
3126,WARRIGAL_RD S of CANTERBURY_RD,-37.82804,145.09858,31,8363.84
3127,BALWYN_RD N of CANTERBURY_RD,-37.82506,145.078,26,6360.38
3127,CANTERBURY_RD E of BALWYN_RD,-37.82535,145.07827,26,15615.65
3127,CANTERBURY_RD W of BALWYN_RD,-37.82527,145.07757,26,13690.96
3180,BALWYN_RD S of DONCASTER_RD,-37.79635,145.08352,31,6973.97
3180,DONCASTER_RD E of BALWYN_RD,-37.79611,145.08372,31,8782.68
3180,DONCASTER_RD W of BALWYN_RD,-37.79618,145.08328,31,6464.52
3662,HIGH_ST NE of PRINCESS_ST,-37.80887,145.02793,31,10968.61
3662,HIGH_ST SW of DENMARK_ST,-37.80926,145.02729,31,9411.87
3662,PRINCESS_ST N of HIGH_ST,-37.80876,145.02757,31,14720.13
3662,STUDLEY PARK_RD W of PRINCESS_ST,-37.80892,145.02704,31,7359.77
3682,RIVERSDALE_RD E OF WARRIGAL_RD,-37.83755,145.09741,29,6928.31
3682,RIVERSDALE_RD W OF WARRIGAL_RD,-37.83741,145.09626,29,8590.45
3682,WARRIGAL_RD N OF RIVERSDALE_RD,-37.83695,145.09699,29,9338.69
3682,WARRIGAL_RD S OF RIVERSDALE_RD,-37.83799,145.09681,29,12508.79
3685,HIGHBURY_RD E of WARRIGAL_RD,-37.85489,145.09413,30,6445.6
3685,WARRIGAL_RD N of HIGHBURY_RD,-37.85467,145.09384,31,17770.29
3685,WARRIGAL_RD S of HIGHBURY_RD,-37.85513,145.09376,22,25103.36
3804,RIVERSDALE_RD E of TRAFALGAR_RD,-37.8337,145.06275,31,9251.71
3804,RIVERSDALE_RD W of TRAFALGAR_RD,-37.83362,145.06202,31,10007.13
3804,TRAFALGAR_RD N of RIVERSDALE_RD,-37.83331,145.06247,31,8588.68
3804,TRAFALGAR_RD S of RIVERSDALE_RD,-37.83394,145.06233,31,9562.06
3812,CAMBERWELL_RD NW of TRAFALGAR_RD,-37.83725,145.06055,31,8958.06
3812,CAMBERWELL_RD SE of TRAFALGAR_RD,-37.83777,145.06115,31,11262.16
3812,SEYMOUR_GV W of CAMBERWELL_RD,-37.83756,145.06057,31,7619.1
3812,TRAFALGAR_RD NE of CAMBERWELL_RD,-37.83738,145.06119,31,7091.68
4030,BURKE_RD S of DONCASTER_RD,-37.79561,145.06251,31,16088.19
4030,HIGH_ST SW of BURKE_RD,-37.79567,145.06111,31,6757.42
4030,KILBY_RD W of BURKE_RD,-37.79471,145.0612,31,1587.35
4032,BELMORE_RD E of BURKE_RD,-37.80236,145.06167,31,7656.97
4032,BURKE_RD N of HARP_RD,-37.80202,145.06127,31,12649.42
4032,BURKE_RD S of HARP_RD,-37.80256,145.06117,31,14606.55
4032,HARP_RD W of BURKE_RD,-37.80225,145.06081,31,6449.13
4034,BURKE_RD N OF WHITEHORSE_RD,-37.81147,145.05946,31,14325.1
4034,BURKE_RD S OF WHITEHORSE_RD,-37.81216,145.05933,31,14242.13
4034,COTHAM_RD W OF BURKE_RD,-37.81184,145.05901,31,6761.81
4034,WHITEHORSE_RD E OF BURKE_RD,-37.81193,145.05982,31,8299.74
4035,BARKERS_RD W of BURKE_RD,-37.8188,145.05739,31,9268.23
4035,BURKE_RD N of MONT ALBERT_RD,-37.8172654,145.0583603,31,13485.48
4035,BURKE_RD S of BARKERS_RD,-37.81912,145.05801,31,10818.0
4035,MONT ALBERT_RD E of BURKE_RD,-37.81744,145.05873,31,8076.58
4040,BURKE_RD N of RIVERSDALE_RD,-37.83256,145.05545,31,8126.39
4040,BURKE_RD S of RIVERSDALE_RD,-37.83323,145.05532,31,7548.39
4040,CAMBERWELL_RD NW of BURKE_RD,-37.83254,145.05507,31,5737.23
4040,CAMBERWELL_RD SE of BURKE_RD,-37.83312,145.05571,31,5596.42
4040,RIVERSDALE_RD E of BURKE_RD,-37.83294,145.05594,31,6949.45
4040,RIVERSDALE_RD W of BURKE_RD,-37.83284,145.05505,31,7903.9
4043,BURKE_RD N of TOORAK_RD,-37.84683,145.05275,31,13261.03
4043,BURKE_RD S of TOORAK_RD,-37.84741,145.05263,31,12225.71
4043,TOORAK_RD E of BURKE_RD,-37.84726,145.05308,31,12912.81
4043,TOORAK_RD W OF BURKE_RD,-37.84714,145.05205,31,13148.94
4051,DONCASTER_RD E of BULLEEN_RD,-37.79419,145.0696,31,7382.42
4051,DONCASTER_RD SW of SEVERN_ST,-37.79406,145.06885,31,5239.87
4051,SEVERN_ST S of DONCASTER_RD,-37.79418,145.06955,31,1326.19
4057,BALWYN_RD N OF BELMORE_RD,-37.80431,145.08197,31,7579.87
4057,BALWYN_RD S OF BELMORE_RD,-37.80564,145.08171,30,8760.13
4057,BELMORE_RD E OF BALWYN_RD,-37.80508,145.08246,30,6749.27
4057,BELMORE_RD W OF BALWYN_RD,-37.80487,145.08092,31,7320.87
4063,BALWYN_RD N OF WHITEHORSE_RD,-37.81404,145.0801,31,7970.68
4063,BALWYN_RD S OF WHITEHORSE_RD,-37.81476,145.07996,31,7516.26
4063,WHITEHORSE_RD E OF BALWYN_RD,-37.8144,145.08045,31,8743.29
4063,WHITEHORSE_RD W OF BALWYN_RD,-37.81429,145.07951,31,7940.87
4262,BRIDGE_RD SW of BURWOOD_RD,-37.82155,145.01503,26,12498.65
4263,BURWOOD_RD E of POWER_ST,-37.82313,145.02565,26,11056.42
4263,BURWOOD_RD W of POWER_ST,-37.82295,145.02402,26,9287.92
4263,POWER_ST N of BURWOOD_RD,-37.8228462,145.0251292,26,12262.62
4263,POWER_ST S of BURWOOD_RD,-37.8232985,145.0250328,26,11434.88
4264,BURWOOD_RD E of GLENFERRIE_RD,-37.82416,145.03445,31,12566.39
4264,BURWOOD_RD W of GLENFERRIE_RD,-37.82405,145.03349,31,11582.94
4264,GLENFERRIE_RD N of BURWOOD_RD,-37.82389,145.03409,31,7998.97
4264,GLENFERRIE_RD S of BURWOOD_RD,-37.82441,145.03399,22,7717.41
4266,AUBURN_RD N of BURWOOD_RD,-37.82542,145.04301,31,11128.71
4266,AUBURN_RD S of BURWOOD_RD,-37.82542,145.04346,31,9304.68
4266,BURWOOD_RD E of AUBURN_RD,-37.82529,145.04387,31,11003.39
4266,BURWOOD_RD W of AUBURN_RD,-37.82518,145.04301,31,11950.03
4270,GLENFERRIE_RD N of RIVERSDALE_RD,-37.82951,145.03304,31,7101.35
4270,GLENFERRIE_RD S of RIVERSDALE_RD,-37.83095,145.03278,31,8478.71
4270,RIVERSDALE_RD E of GLENFERRIE_RD,-37.8303,145.03336,31,10038.39
4270,RIVERSDALE_RD W of GLENFERRIE_RD,-37.83015,145.03208,31,10578.39
4272,RIVERSDALE_RD E of TOORONGA_RD,-37.83186,145.04668,30,8932.23
4272,RIVERSDALE_RD W of TOORONGA_RD,-37.8318,145.04614,30,10279.97
4272,TOORONGA_RD S of RIVERSDALE_RD,-37.83199,145.04636,30,5129.2
4273,TOORAK_RD E of TOORONGA_RD,-37.84686,145.04508,31,13566.48
4273,TOORONGA_RD N of TOORAK_RD,-37.84632,145.04378,31,7599.68
4321,HARP_RD E OF HIGH_ST,-37.80086,145.04962,31,6325.42
4321,HIGH_ST NE OF HARP_ST,-37.800776,145.0494611,31,6516.26
4321,HIGH_ST SW OF HARP_ST,-37.8010857,145.048755,31,7921.9
4321,VALERIE_ST W OF HIGH_ST,-37.80063,145.04864,31,5278.35
4324,COTHAM_RD E OF GLENFERRIE_RD,-37.809274,145.037306,31,8545.71
4324,COTHAM_RD W OF GLENFERRIE_RD,-37.809176,145.036452,31,7637.35
4324,GLENFERRIE_RD S OF COTHAM_RD,-37.809547,145.036785,31,5011.55
4335,HIGH_ST NE of CHARLES_ST,-37.80624,145.03518,31,10481.87
4335,HIGH_ST NE of CHARLES_ST,-37.80619,145.03532,31,11081.74
4812,MADDEN_GV S OF SWAN_ST,-37.82912,145.01576,26,11023.69
4812,SWAN_ST NE of MADDEN_GV,-37.82859,145.01644,26,7032.92
4812,SWAN_ST SW of MADDEN_GV,-37.82903,145.01456,26,8153.62
4821,BURNLEY_ST S OF VICTORIA_ST,-37.81312,145.00844,31,6791.77
4821,VICTORIA_ST E OF BURNLEY_ST,-37.81293,145.00865,31,12421.61
4821,VICTORIA_ST W OF BURNLEY_ST,-37.81296,145.0083,31,12195.48
4821,WALMER_ST N OF VICTORIA_ST,-37.81285,145.00849,31,312.61
